,Gebiet,Sachmerkmal,Jahr,Nettoeinkommen
0,Zentrum,Persoenliches Einkommen,2011,"1119,47039665305"
1,Zentrum-Ost,Persoenliches Einkommen,2011,"1265,99205817462"
2,Zentrum-Suedost,Persoenliches Einkommen,2011,"951,277296249952"
3,Zentrum-Sued,Persoenliches Einkommen,2011,"1180,7159897981"
4,Zentrum-West,Persoenliches Einkommen,2011,"1213,21350451776"
5,Zentrum-Nordwest,Persoenliches Einkommen,2011,"1405,6300418508"
6,Zentrum-Nord,Persoenliches Einkommen,2011,"1084,97325293465"
7,Schoenefeld-Abtnaundorf,Persoenliches Einkommen,2011,"975,37098789051"
8,Schoenefeld-Ost,Persoenliches Einkommen,2011,"974,202607787242"
9,Mockau-Sued,Persoenliches Einkommen,2011,"972,210381412116"
10,Mockau-Nord,Persoenliches Einkommen,2011,"931,158517991913"
11,Thekla,Persoenliches Einkommen,2011,"1109,92193541225"
12,Plaussig-Portitz,Persoenliches Einkommen,2011,"1149,51537354595"
13,Neustadt-Neuschoenefeld,Persoenliches Einkommen,2011,"796,53307517394"
14,Volkmarsdorf,Persoenliches Einkommen,2011,"760,269113556662"
15,Anger-Crottendorf,Persoenliches Einkommen,2011,"1036,08326643794"
16,Sellerhausen-Stuenz,Persoenliches Einkommen,2011,"966,031591614398"
17,Paunsdorf,Persoenliches Einkommen,2011,"952,221711507292"
18,Heiterblick,Persoenliches Einkommen,2011,"1290,13999439191"
19,Moelkau,Persoenliches Einkommen,2011,"1210,10125715544"
20,Engelsdorf,Persoenliches Einkommen,2011,"1172,7805470797"
21,Baalsdorf,Persoenliches Einkommen,2011,"1187,2629588148"
22,Althen-Kleinpoesna,Persoenliches Einkommen,2011,"1142,1556754857"
23,Reudnitz-Thonberg,Persoenliches Einkommen,2011,"854,039697968048"
24,Stoetteritz,Persoenliches Einkommen,2011,"1049,7576702688"
25,Probstheida,Persoenliches Einkommen,2011,"1106,592797064"
26,Meusdorf,Persoenliches Einkommen,2011,"988,702247739471"
27,Liebertwolkwitz,Persoenliches Einkommen,2011,"1118,4785540424"
28,Holzhausen,Persoenliches Einkommen,2011,"1141,15295702758"
29,Suedvorstadt,Persoenliches Einkommen,2011,"1157,42380208836"
30,Connewitz,Persoenliches Einkommen,2011,"1076,68510337047"
31,Marienbrunn,Persoenliches Einkommen,2011,"1082,86720994423"
32,Loessnig,Persoenliches Einkommen,2011,"1046,24614547265"
33,"Doelitz-Doesen,Persoenliches Einkommen,1149","80949230727""",2011,"1412,16889493875"
34,"Schleussig,Persoenliches Einkommen,1164","56017966956""",2011,"1359,60813260693"
35,"Plagwitz,Persoenliches Einkommen,1225","02248661079""",2011,"1093,46501312475"
36,"Kleinzschocher,Persoenliches Einkommen,960","714072472308""",2011,"1076,64475640535"
37,"Grosszschocher,Persoenliches Einkommen,1095","87639447864""",2011,"1244,90029386024"
38,"Knautkleeberg-Knauthain,Persoenliches Einkommen,1150","6422073346""",2011,"1232,43729314193"
39,"Hartmannsdorf-Knautnaundorf,Persoenliches Einkommen,1097","4459160057""",2011,"1264,94830672396"
40,"Schoenau,Persoenliches Einkommen,1044","99386350261""",2011,"1162,33047745411"
41,"Gruenau-Ost,Persoenliches Einkommen,1063","50109594185""",2011,"988,637325724793"
42,"Gruenau-Mitte,Persoenliches Einkommen,928","989237574649""",2011,"1008,3882179928"
43,"Gruenau-Siedlung,Persoenliches Einkommen,1198","66100062977""",2011,"1179,55455614937"
44,"Lausen-Gruenau,Persoenliches Einkommen,976","025968696877""",2011,"1089,7928100014"
45,"Gruenau-Nord,Persoenliches Einkommen,895","112599069049""",2011,"949,678626197639"
46,"Miltitz,Persoenliches Einkommen,1181","71001321242""",2011,"1120,07331549898"
47,"Lindenau,Persoenliches Einkommen,893","739774758912""",2011,"925,505862028256"
48,"Altlindenau,Persoenliches Einkommen,1025","93236873067""",2011,"917,847018554694"
49,"Neulindenau,Persoenliches Einkommen,1077","43033609746""",2011,"923,79643525511"
50,"Leutzsch,Persoenliches Einkommen,1133","13320492051""",2011,"1193,83285031344"
51,"Boehlitz-Ehrenberg,Persoenliches Einkommen,1080","37539931653""",2011,"1151,12898232979"
52,"Burghausen-Rueckmarsdorf,Persoenliches Einkommen,1153","49380836073""",2011,"1241,97067368001"
53,"Moeckern,Persoenliches Einkommen,994","130490681782""",2011,"1133,31441752456"
54,"Wahren,Persoenliches Einkommen,1111","27972870703""",2011,"1405,98981630026"
55,"Luetzschena-Stahmeln,Persoenliches Einkommen,1107","99210573493""",2011,"1301,52504462107"
56,"Lindenthal,Persoenliches Einkommen,1147","21505221923""",2011,"1297,66980685371"
57,"Gohlis-Sued,Persoenliches Einkommen,1164","01892795164""",2011,"1406,25552988931"
58,"Gohlis-Mitte,Persoenliches Einkommen,1240","11222698576""",2011,"1375,42441455985"
59,"Gohlis-Nord,Persoenliches Einkommen,1158","22687294858""",2011,"1210,76806791149"
60,"Eutritzsch,Persoenliches Einkommen,1170","86064854204""",2011,"1212,19847144958"
61,"Seehausen,Persoenliches Einkommen,1215","85207009075""",2011,"1271,15464892238"
62,"Wiederitzsch,Persoenliches Einkommen,1182","25930901437""",2011,"1319,88118164136"
63,"Mitte,Persoenliches Einkommen,1232","61291070668""",2011,"1230,00720998546"
64,"Nordost,Persoenliches Einkommen,997","115176850823""",2011,"1105,8246858236"
65,"Ost,Persoenliches Einkommen,990","597956224431""",2011,"1057,31540762597"
66,"Suedost,Persoenliches Einkommen,1022","17417273885""",2011,"1171,27304150874"
67,"Sued,Persoenliches Einkommen,1086","11466049852""",2011,"1166,47555024222"
68,"Suedwest,Persoenliches Einkommen,1084","33778742868""",2011,"1139,41247264541"
69,"West,Persoenliches Einkommen,1028","50127157781""",2011,"1013,11230209569"
70,"Alt-West,Persoenliches Einkommen,1060","35697905217""",2011,"1086,54810504991"
71,"Nordwest,Persoenliches Einkommen,1006","9258674381""",2011,"1323,04317626035"
72,"Nord,Persoenliches Einkommen,1201","27377553616""",2011,"1298,06138486479"
73,"Stadt Leipzig,Persoenliches Einkommen,1066","01430298254""",2011,"1151,83593033199"
74,"Zentrum,Haushaltseinkommen,1087","80187132455""",2011,"1506,23161714557"
75,"Zentrum-Ost,Haushaltseinkommen,1466","06678370279""",2011,"1624,72982120396"
76,"Zentrum-Suedost,Haushaltseinkommen,1202","33006688454""",2011,"1285,07606531966"
77,"Zentrum-Sued,Haushaltseinkommen,1544","51700734588""",2011,"1639,94041024454"
78,"Zentrum-West,Haushaltseinkommen,1530","99167808915""",2011,"1609,87757422425"
79,"Zentrum-Nordwest,Haushaltseinkommen,2131","48217842793""",2011,"2424,67372344453"
80,"Zentrum-Nord,Haushaltseinkommen,1471","54674208864""",2011,"1495,37184162614"
81,"Schoenefeld-Abtnaundorf,Haushaltseinkommen,1096","48429727869""",2011,"1443,42868587258"
82,"Schoenefeld-Ost,Haushaltseinkommen,1342","257274574""",2011,"1525,0284795009"
83,"Mockau-Sued,Haushaltseinkommen,1269","23100664899""",2011,"1532,18437086573"
84,"Mockau-Nord,Haushaltseinkommen,1236","96250899009""",2011,"1362,48263767751"
85,"Thekla,Haushaltseinkommen,1370","00408535438""",2011,"1335,62976604383"
86,"Plaussig-Portitz,Haushaltseinkommen,1900","90504995806""",2011,"1963,62971455684"
87,Neustadt-Neuschoenefeld,Haushaltseinkommen,2011,"1054,25718617405"
88,Volkmarsdorf,Haushaltseinkommen,2011,"1047,74497422666"
89,Anger-Crottendorf,Haushaltseinkommen,2011,"1254,69849432713"
90,Sellerhausen-Stuenz,Haushaltseinkommen,2011,"1390,1222466554"
91,Paunsdorf,Haushaltseinkommen,2011,"1171,40980373416"
92,Heiterblick,Haushaltseinkommen,2011,"1704,69336773647"
93,Moelkau,Haushaltseinkommen,2011,"1759,86436751337"
94,Engelsdorf,Haushaltseinkommen,2011,"1888,68315962427"
95,Baalsdorf,Haushaltseinkommen,2011,"2018,93850469875"
96,Althen-Kleinpoesna,Haushaltseinkommen,2011,"2059,33262514847"
97,Reudnitz-Thonberg,Haushaltseinkommen,2011,"1225,63384696266"
98,Stoetteritz,Haushaltseinkommen,2011,"1285,39620352677"
99,Probstheida,Haushaltseinkommen,2011,"1519,65445088785"
100,Meusdorf,Haushaltseinkommen,2011,"1430,64883269071"
101,Liebertwolkwitz,Haushaltseinkommen,2011,"1565,50446778854"
102,Holzhausen,Haushaltseinkommen,2011,"1685,31618581153"
103,Suedvorstadt,Haushaltseinkommen,2011,"1724,68165185522"
104,Connewitz,Haushaltseinkommen,2011,"1274,46624544129"
105,Marienbrunn,Haushaltseinkommen,2011,"1369,69025298186"
106,Loessnig,Haushaltseinkommen,2011,"1445,93381361823"
107,Doelitz-Doesen,Haushaltseinkommen,2011,"1628,12524785644"
108,Schleussig,Haushaltseinkommen,2011,"2020,46879303258"
109,Plagwitz,Haushaltseinkommen,2011,"1464,8733188789"
110,Kleinzschocher,Haushaltseinkommen,2011,"1175,4458814546"
111,Grosszschocher,Haushaltseinkommen,2011,"1321,16542390647"
112,Knautkleeberg-Knauthain,Haushaltseinkommen,2011,"2053,57579229062"
113,Hartmannsdorf-Knautnaundorf,Haushaltseinkommen,2011,"1596,72892544055"
114,Schoenau,Haushaltseinkommen,2011,"1252,88436198312"
115,Gruenau-Ost,Haushaltseinkommen,2011,"1263,23343382768"
116,Gruenau-Mitte,Haushaltseinkommen,2011,"1209,37037498942"
117,Gruenau-Siedlung,Haushaltseinkommen,2011,"1835,78018343409"
118,Lausen-Gruenau,Haushaltseinkommen,2011,"1345,7974299631"
119,Gruenau-Nord,Haushaltseinkommen,2011,"1198,08518813836"
120,Miltitz,Haushaltseinkommen,2011,"1783,88374181074"
121,Lindenau,Haushaltseinkommen,2011,"1069,5424105696"
122,Altlindenau,Haushaltseinkommen,2011,"1297,51156174441"
123,Neulindenau,Haushaltseinkommen,2011,"1288,69477487803"
124,Leutzsch,Haushaltseinkommen,2011,"1466,629812917"
125,Boehlitz-Ehrenberg,Haushaltseinkommen,2011,"1375,83737643726"
126,Burghausen-Rueckmarsdorf,Haushaltseinkommen,2011,"1911,19921259334"
127,Moeckern,Haushaltseinkommen,2011,"1333,78673348031"
128,Wahren,Haushaltseinkommen,2011,"1348,30224824004"
129,Luetzschena-Stahmeln,Haushaltseinkommen,2011,"1824,2078382524"
130,Lindenthal,Haushaltseinkommen,2011,"1654,99643093032"
131,Gohlis-Sued,Haushaltseinkommen,2011,"1760,77627932225"
132,Gohlis-Mitte,Haushaltseinkommen,2011,"1789,85804262486"
133,Gohlis-Nord,Haushaltseinkommen,2011,"1377,31397346212"
134,Eutritzsch,Haushaltseinkommen,2011,"1382,84033117857"
135,Seehausen,Haushaltseinkommen,2011,"1849,51649078219"
136,Wiederitzsch,Haushaltseinkommen,2011,"1816,99664116039"
137,Mitte,Haushaltseinkommen,2011,"1571,98432698646"
138,Nordost,Haushaltseinkommen,2011,"1287,00066983994"
139,Ost,Haushaltseinkommen,2011,"1360,5031041919"
140,Suedost,Haushaltseinkommen,2011,"1358,66622109542"
141,Sued,Haushaltseinkommen,2011,"1463,90998802506"
142,Suedwest,Haushaltseinkommen,2011,"1411,71421186975"
143,West,Haushaltseinkommen,2011,"1296,9710071978"
144,Alt-West,Haushaltseinkommen,2011,"1400,41025946266"
145,Nordwest,Haushaltseinkommen,2011,"1352,94354483837"
146,Nord,Haushaltseinkommen,2011,"1671,65774316951"
147,Stadt Leipzig,Haushaltseinkommen,2011,1414
148,Zentrum,Persoenliches Einkommen,2013,"1387,20640125823"
149,Zentrum-Ost,Persoenliches Einkommen,2013,"1466,09414682086"
150,Zentrum-Suedost,Persoenliches Einkommen,2013,"1036,31881766262"
151,Zentrum-Sued,Persoenliches Einkommen,2013,"1198,15650717198"
152,Zentrum-West,Persoenliches Einkommen,2013,"1441,63236840073"
153,Zentrum-Nordwest,Persoenliches Einkommen,2013,"1557,75353350179"
154,Zentrum-Nord,Persoenliches Einkommen,2013,"1293,83514847689"
155,Schoenefeld-Abtnaundorf,Persoenliches Einkommen,2013,"1095,27904515581"
156,Schoenefeld-Ost,Persoenliches Einkommen,2013,"1054,69096396352"
157,Mockau-Sued,Persoenliches Einkommen,2013,"1127,460838546"
158,Mockau-Nord,Persoenliches Einkommen,2013,"1065,65108405532"
159,Thekla,Persoenliches Einkommen,2013,"1107,4890038051"
160,Plaussig-Portitz,Persoenliches Einkommen,2013,"1238,79973466992"
161,Neustadt-Neuschoenefeld,Persoenliches Einkommen,2013,"892,772742117413"
162,Volkmarsdorf,Persoenliches Einkommen,2013,"797,784691497263"
163,Anger-Crottendorf,Persoenliches Einkommen,2013,"1008,20571211122"
164,Sellerhausen-Stuenz,Persoenliches Einkommen,2013,"1156,22211303367"
165,Paunsdorf,Persoenliches Einkommen,2013,"1152,56610109651"
166,Heiterblick,Persoenliches Einkommen,2013,"1180,99211309959"
167,Moelkau,Persoenliches Einkommen,2013,"1302,74935110407"
168,Engelsdorf,Persoenliches Einkommen,2013,"1278,45502803295"
169,Baalsdorf,Persoenliches Einkommen,2013,"1328,59423540916"
170,Althen-Kleinpoesna,Persoenliches Einkommen,2013,"1278,07763149338"
171,Reudnitz-Thonberg,Persoenliches Einkommen,2013,"1113,09459551184"
172,Stoetteritz,Persoenliches Einkommen,2013,"1183,84084277403"
173,Probstheida,Persoenliches Einkommen,2013,"1376,09445557938"
174,Meusdorf,Persoenliches Einkommen,2013,"1124,7572536232"
175,Liebertwolkwitz,Persoenliches Einkommen,2013,"1198,21390782151"
176,Holzhausen,Persoenliches Einkommen,2013,"1251,66216165169"
177,Suedvorstadt,Persoenliches Einkommen,2013,"1194,97479229623"
178,Connewitz,Persoenliches Einkommen,2013,"1150,30457234274"
179,Marienbrunn,Persoenliches Einkommen,2013,"1158,00289172507"
180,Loessnig,Persoenliches Einkommen,2013,"1073,56135943547"
181,"Doelitz-Doesen,Persoenliches Einkommen,1149","80949230727""",2013,"1326,6731743186"
182,"Schleussig,Persoenliches Einkommen,1164","56017966956""",2013,"1460,5392288974"
183,"Plagwitz,Persoenliches Einkommen,1225","02248661079""",2013,"1554,6294434375"
184,"Kleinzschocher,Persoenliches Einkommen,960","714072472308""",2013,"1271,28469063531"
185,"Grosszschocher,Persoenliches Einkommen,1095","87639447864""",2013,"1153,4565131558"
186,"Knautkleeberg-Knauthain,Persoenliches Einkommen,1150","6422073346""",2013,"1353,79468494812"
187,"Hartmannsdorf-Knautnaundorf,Persoenliches Einkommen,1097","4459160057""",2013,"1424,11613216715"
188,"Schoenau,Persoenliches Einkommen,1044","99386350261""",2013,"1222,43407646404"
189,"Gruenau-Ost,Persoenliches Einkommen,1063","50109594185""",2013,"1090,84425833176"
190,"Gruenau-Mitte,Persoenliches Einkommen,928","989237574649""",2013,"1124,3918743438"
191,"Gruenau-Siedlung,Persoenliches Einkommen,1198","66100062977""",2013,"1444,86328462828"
192,"Lausen-Gruenau,Persoenliches Einkommen,976","025968696877""",2013,"1190,68764239962"
193,"Gruenau-Nord,Persoenliches Einkommen,895","112599069049""",2013,"1054,86356595686"
194,"Miltitz,Persoenliches Einkommen,1181","71001321242""",2013,"1426,32686619538"
195,"Lindenau,Persoenliches Einkommen,893","739774758912""",2013,"1242,16104760904"
196,"Altlindenau,Persoenliches Einkommen,1025","93236873067""",2013,"1235,27428907154"
197,"Neulindenau,Persoenliches Einkommen,1077","43033609746""",2013,"1269,61525082739"
198,"Leutzsch,Persoenliches Einkommen,1133","13320492051""",2013,"1387,01909752618"
199,"Boehlitz-Ehrenberg,Persoenliches Einkommen,1080","37539931653""",2013,"1445,3703806906"
200,"Burghausen-Rueckmarsdorf,Persoenliches Einkommen,1153","49380836073""",2013,"1206,30449688969"
201,"Moeckern,Persoenliches Einkommen,994","130490681782""",2013,"1349,20552415978"
202,"Wahren,Persoenliches Einkommen,1111","27972870703""",2013,"1366,12737946177"
203,"Luetzschena-Stahmeln,Persoenliches Einkommen,1107","99210573493""",2013,"1591,11229952145"
204,"Lindenthal,Persoenliches Einkommen,1147","21505221923""",2013,"1389,06430485442"
205,"Gohlis-Sued,Persoenliches Einkommen,1164","01892795164""",2013,"1623,52095410162"
206,"Gohlis-Mitte,Persoenliches Einkommen,1240","11222698576""",2013,"1572,19709410839"
207,"Gohlis-Nord,Persoenliches Einkommen,1158","22687294858""",2013,"1300,63303149062"
208,"Eutritzsch,Persoenliches Einkommen,1170","86064854204""",2013,"1235,05555764506"
209,"Seehausen,Persoenliches Einkommen,1215","85207009075""",2013,"1361,5663928243"
210,"Wiederitzsch,Persoenliches Einkommen,1182","25930901437""",2013,"1459,76969009838"
211,"Mitte,Persoenliches Einkommen,1232","61291070668""",2013,"1384,11695837427"
212,"Nordost,Persoenliches Einkommen,997","115176850823""",2013,"1184,65173941114"
213,"Ost,Persoenliches Einkommen,990","597956224431""",2013,"1123,81935481143"
214,"Suedost,Persoenliches Einkommen,1022","17417273885""",2013,"1257,10034802975"
215,"Sued,Persoenliches Einkommen,1086","11466049852""",2013,"1286,44377414388"
216,"Suedwest,Persoenliches Einkommen,1084","33778742868""",2013,"1303,83611622658"
217,"West,Persoenliches Einkommen,1028","50127157781""",2013,"1142,61679421887"
218,"Alt-West,Persoenliches Einkommen,1060","35697905217""",2013,"1222,83736578639"
219,"Nordwest,Persoenliches Einkommen,1006","9258674381""",2013,"1319,64840442718"
220,"Nord,Persoenliches Einkommen,1201","27377553616""",2013,"1397,79938034385"
221,"Stadt Leipzig,Persoenliches Einkommen,1066","01430298254""",2013,"1254,31010000498"
222,"Zentrum,Haushaltseinkommen,1087","80187132455""",2013,"1216,52180029784"
223,"Zentrum-Ost,Haushaltseinkommen,1466","06678370279""",2013,"1825,95133532185"
224,"Zentrum-Suedost,Haushaltseinkommen,1202","33006688454""",2013,"1412,49467084589"
225,"Zentrum-Sued,Haushaltseinkommen,1544","51700734588""",2013,"2076,94442784967"
226,"Zentrum-West,Haushaltseinkommen,1530","99167808915""",2013,"2152,00746976083"
227,"Zentrum-Nordwest,Haushaltseinkommen,2131","48217842793""",2013,"2161,32254012688"
228,"Zentrum-Nord,Haushaltseinkommen,1471","54674208864""",2013,"1919,68101645621"
229,"Schoenefeld-Abtnaundorf,Haushaltseinkommen,1096","48429727869""",2013,"1464,78821075254"
230,"Schoenefeld-Ost,Haushaltseinkommen,1342","257274574""",2013,"1326,43145745597"
231,"Mockau-Sued,Haushaltseinkommen,1269","23100664899""",2013,"1444,90752618516"
232,"Mockau-Nord,Haushaltseinkommen,1236","96250899009""",2013,"1425,09257500757"
233,"Thekla,Haushaltseinkommen,1370","00408535438""",2013,"1886,96508254077"
234,"Plaussig-Portitz,Haushaltseinkommen,1900","90504995806""",2013,"2644,88320578223"
235,Neustadt-Neuschoenefeld,Haushaltseinkommen,2013,"1159,88087970223"
236,Volkmarsdorf,Haushaltseinkommen,2013,"1121,38585907255"
237,Anger-Crottendorf,Haushaltseinkommen,2013,"1235,12672932507"
238,Sellerhausen-Stuenz,Haushaltseinkommen,2013,"1494,83198637304"
239,Paunsdorf,Haushaltseinkommen,2013,"1339,13701032442"
240,Heiterblick,Haushaltseinkommen,2013,"2018,66918375491"
241,Moelkau,Haushaltseinkommen,2013,"1595,43761765613"
242,Engelsdorf,Haushaltseinkommen,2013,"1837,03628511558"
243,Baalsdorf,Haushaltseinkommen,2013,"2202,69063269559"
244,Althen-Kleinpoesna,Haushaltseinkommen,2013,"2100,1893439382"
245,Reudnitz-Thonberg,Haushaltseinkommen,2013,"1588,91695221351"
246,Stoetteritz,Haushaltseinkommen,2013,"1351,66730336069"
247,Probstheida,Haushaltseinkommen,2013,"2182,85682582371"
248,Meusdorf,Haushaltseinkommen,2013,"1386,93632496988"
249,Liebertwolkwitz,Haushaltseinkommen,2013,"1644,59464247359"
250,Holzhausen,Haushaltseinkommen,2013,"1478,2650851583"
251,Suedvorstadt,Haushaltseinkommen,2013,"1811,27514183881"
252,Connewitz,Haushaltseinkommen,2013,"1599,35107083485"
253,Marienbrunn,Haushaltseinkommen,2013,"1670,90505283543"
254,Loessnig,Haushaltseinkommen,2013,"1618,30957526657"
255,Doelitz-Doesen,Haushaltseinkommen,2013,"1808,01752345171"
256,Schleussig,Haushaltseinkommen,2013,"2278,17636879203"
257,Plagwitz,Haushaltseinkommen,2013,"1265,80801193247"
258,Kleinzschocher,Haushaltseinkommen,2013,"1328,76550730691"
259,Grosszschocher,Haushaltseinkommen,2013,"1692,18242556473"
260,Knautkleeberg-Knauthain,Haushaltseinkommen,2013,"1789,10799517994"
261,Hartmannsdorf-Knautnaundorf,Haushaltseinkommen,2013,"1788,2423559482"
262,Schoenau,Haushaltseinkommen,2013,"1724,62442304621"
263,Gruenau-Ost,Haushaltseinkommen,2013,"1255,80298127024"
264,Gruenau-Mitte,Haushaltseinkommen,2013,"1227,00172304344"
265,Gruenau-Siedlung,Haushaltseinkommen,2013,"1885,65542144757"
266,Lausen-Gruenau,Haushaltseinkommen,2013,"1586,60774355979"
267,Gruenau-Nord,Haushaltseinkommen,2013,"1171,81884983344"
268,Miltitz,Haushaltseinkommen,2013,"1673,08349676634"
269,Lindenau,Haushaltseinkommen,2013,"1192,11164616649"
270,Altlindenau,Haushaltseinkommen,2013,"1329,10373854041"
271,Neulindenau,Haushaltseinkommen,2013,"1095,64238370805"
272,Leutzsch,Haushaltseinkommen,2013,"1693,95891102654"
273,Boehlitz-Ehrenberg,Haushaltseinkommen,2013,"2004,92132477305"
274,Burghausen-Rueckmarsdorf,Haushaltseinkommen,2013,"2075,46937047654"
275,Moeckern,Haushaltseinkommen,2013,"1514,41963844588"
276,Wahren,Haushaltseinkommen,2013,"1589,18463081644"
277,Luetzschena-Stahmeln,Haushaltseinkommen,2013,"2300,53469607354"
278,Lindenthal,Haushaltseinkommen,2013,"2279,76758751623"
279,Gohlis-Sued,Haushaltseinkommen,2013,"1938,78357864103"
280,Gohlis-Mitte,Haushaltseinkommen,2013,"2113,41067083734"
281,Gohlis-Nord,Haushaltseinkommen,2013,"1524,52593180408"
282,Eutritzsch,Haushaltseinkommen,2013,"1469,84754599768"
283,Seehausen,Haushaltseinkommen,2013,"2022,45816736575"
284,Wiederitzsch,Haushaltseinkommen,2013,"2363,57243061747"
285,Mitte,Haushaltseinkommen,2013,"1597,05974062865"
286,Nordost,Haushaltseinkommen,2013,"1491,57963589401"
287,Ost,Haushaltseinkommen,2013,"1388,56683073784"
288,Suedost,Haushaltseinkommen,2013,"1497,28098069229"
289,Sued,Haushaltseinkommen,2013,"1612,32088559364"
290,Suedwest,Haushaltseinkommen,2013,"1520,31546550113"
291,West,Haushaltseinkommen,2013,"1334,99548165629"
292,Alt-West,Haushaltseinkommen,2013,"1497,36143568816"
293,Nordwest,Haushaltseinkommen,2013,"1695,47569330616"
294,Nord,Haushaltseinkommen,2013,"1810,25693217699"
295,Stadt Leipzig,Haushaltseinkommen,2013,"1549,23950166622"
296,Zentrum,Persoenliches Einkommen,2015,"1195,05979980502"
297,Zentrum-Ost,Persoenliches Einkommen,2015,"1558,46446293875"
298,Zentrum-Suedost,Persoenliches Einkommen,2015,"1179,72791979858"
299,Zentrum-Sued,Persoenliches Einkommen,2015,"1537,93512629354"
300,Zentrum-West,Persoenliches Einkommen,2015,"1583,09343883357"
301,Zentrum-Nordwest,Persoenliches Einkommen,2015,"1807,86573966689"
302,Zentrum-Nord,Persoenliches Einkommen,2015,"1557,63231593991"
303,Schoenefeld-Abtnaundorf,Persoenliches Einkommen,2015,"1204,97758710458"
304,Schoenefeld-Ost,Persoenliches Einkommen,2015,"1121,43398129717"
305,Mockau-Sued,Persoenliches Einkommen,2015,"1326,95009276871"
306,Mockau-Nord,Persoenliches Einkommen,2015,"1155,2437662091"
307,Thekla,Persoenliches Einkommen,2015,"1205,32315560565"
308,Plaussig-Portitz,Persoenliches Einkommen,2015,"1459,96324414859"
309,Neustadt-Neuschoenefeld,Persoenliches Einkommen,2015,"947,360843637112"
310,Volkmarsdorf,Persoenliches Einkommen,2015,"924,338287348429"
311,Anger-Crottendorf,Persoenliches Einkommen,2015,"1320,67706251846"
312,Sellerhausen-Stuenz,Persoenliches Einkommen,2015,"1211,96733997694"
313,Paunsdorf,Persoenliches Einkommen,2015,"1204,22404554281"
314,Heiterblick,Persoenliches Einkommen,2015,"1400,26492239537"
315,Moelkau,Persoenliches Einkommen,2015,"1479,59104909432"
316,Engelsdorf,Persoenliches Einkommen,2015,"1496,44038513096"
317,Baalsdorf,Persoenliches Einkommen,2015,"1810,05333331238"
318,Althen-Kleinpoesna,Persoenliches Einkommen,2015,"1578,78731880601"
319,Reudnitz-Thonberg,Persoenliches Einkommen,2015,"1196,28809748242"
320,Stoetteritz,Persoenliches Einkommen,2015,"1523,60704838855"
321,Probstheida,Persoenliches Einkommen,2015,"1496,00157591398"
322,Meusdorf,Persoenliches Einkommen,2015,"1180,92415912393"
323,Liebertwolkwitz,Persoenliches Einkommen,2015,"1372,95561414884"
324,Holzhausen,Persoenliches Einkommen,2015,"1442,10168264056"
325,Suedvorstadt,Persoenliches Einkommen,2015,"1549,69013456476"
326,Connewitz,Persoenliches Einkommen,2015,"1302,1403693914"
327,Marienbrunn,Persoenliches Einkommen,2015,"1483,60343189898"
328,Loessnig,Persoenliches Einkommen,2015,"1108,65184686779"
329,"Doelitz-Doesen,Persoenliches Einkommen,1149","80949230727""",2015,"1407,49912911147"
330,"Schleussig,Persoenliches Einkommen,1164","56017966956""",2015,"1684,48133255746"
331,"Plagwitz,Persoenliches Einkommen,1225","02248661079""",2015,"1423,2728145209"
332,"Kleinzschocher,Persoenliches Einkommen,960","714072472308""",2015,"1473,03984712155"
333,"Grosszschocher,Persoenliches Einkommen,1095","87639447864""",2015,"1436,3651771435"
334,"Knautkleeberg-Knauthain,Persoenliches Einkommen,1150","6422073346""",2015,"1561,96637182497"
335,"Hartmannsdorf-Knautnaundorf,Persoenliches Einkommen,1097","4459160057""",2015,"1560,26836353576"
336,"Schoenau,Persoenliches Einkommen,1044","99386350261""",2015,"1391,70069053101"
337,"Gruenau-Ost,Persoenliches Einkommen,1063","50109594185""",2015,"1150,6893535596"
338,"Gruenau-Mitte,Persoenliches Einkommen,928","989237574649""",2015,"1331,17178240257"
339,"Gruenau-Siedlung,Persoenliches Einkommen,1198","66100062977""",2015,"1651,74733113122"
340,"Lausen-Gruenau,Persoenliches Einkommen,976","025968696877""",2015,"1380,97460535894"
341,"Gruenau-Nord,Persoenliches Einkommen,895","112599069049""",2015,"1279,71040869068"
342,"Miltitz,Persoenliches Einkommen,1181","71001321242""",2015,"1550,99297336722"
343,"Lindenau,Persoenliches Einkommen,893","739774758912""",2015,"1137,32126233122"
344,"Altlindenau,Persoenliches Einkommen,1025","93236873067""",2015,"1420,20284987721"
345,"Neulindenau,Persoenliches Einkommen,1077","43033609746""",2015,"1288,21677524233"
346,"Leutzsch,Persoenliches Einkommen,1133","13320492051""",2015,"1498,2441177064"
347,"Boehlitz-Ehrenberg,Persoenliches Einkommen,1080","37539931653""",2015,"1656,86571420307"
348,"Burghausen-Rueckmarsdorf,Persoenliches Einkommen,1153","49380836073""",2015,"1617,83574392671"
349,"Moeckern,Persoenliches Einkommen,994","130490681782""",2015,"1425,58952352027"
350,"Wahren,Persoenliches Einkommen,1111","27972870703""",2015,"1486,48365349333"
351,"Luetzschena-Stahmeln,Persoenliches Einkommen,1107","99210573493""",2015,"1462,48748849787"
352,"Lindenthal,Persoenliches Einkommen,1147","21505221923""",2015,"1658,4335221951"
353,"Gohlis-Sued,Persoenliches Einkommen,1164","01892795164""",2015,"1804,09930717605"
354,"Gohlis-Mitte,Persoenliches Einkommen,1240","11222698576""",2015,"1724,8258729023"
355,"Gohlis-Nord,Persoenliches Einkommen,1158","22687294858""",2015,"1412,91136295929"
356,"Eutritzsch,Persoenliches Einkommen,1170","86064854204""",2015,"1454,41243894891"
357,"Seehausen,Persoenliches Einkommen,1215","85207009075""",2015,"1532,34786335259"
358,"Wiederitzsch,Persoenliches Einkommen,1182","25930901437""",2015,"1679,66831269493"
359,"Mitte,Persoenliches Einkommen,1232","61291070668""",2015,"1425,48164667381"
360,"Nordost,Persoenliches Einkommen,997","115176850823""",2015,"1238,51966962911"
361,"Ost,Persoenliches Einkommen,990","597956224431""",2015,"1198,02470412333"
362,"Suedost,Persoenliches Einkommen,1022","17417273885""",2015,"1254,75192836033"
363,"Sued,Persoenliches Einkommen,1086","11466049852""",2015,"1325,853315684"
364,"Suedwest,Persoenliches Einkommen,1084","33778742868""",2015,"1406,81116968633"
365,"West,Persoenliches Einkommen,1028","50127157781""",2015,"1273,69454967225"
366,"Alt-West,Persoenliches Einkommen,1060","35697905217""",2015,"1352,60709704827"
367,"Nordwest,Persoenliches Einkommen,1006","9258674381""",2015,"1454,06644984535"
368,"Nord,Persoenliches Einkommen,1201","27377553616""",2015,"1523,43327724741"
369,"Stadt Leipzig,Persoenliches Einkommen,1066","01430298254""",2015,"1327,75857836967"
370,"Zentrum,Haushaltseinkommen,1087","80187132455""",2015,"1795,50920370952"
371,"Zentrum-Ost,Haushaltseinkommen,1466","06678370279""",2015,"2348,54903677148"
372,"Zentrum-Suedost,Haushaltseinkommen,1202","33006688454""",2015,"1193,04355399358"
373,"Zentrum-Sued,Haushaltseinkommen,1544","51700734588""",2015,"2042,69185058212"
374,"Zentrum-West,Haushaltseinkommen,1530","99167808915""",2015,"2283,19636452758"
375,"Zentrum-Nordwest,Haushaltseinkommen,2131","48217842793""",2015,"2376,30736287979"
376,"Zentrum-Nord,Haushaltseinkommen,1471","54674208864""",2015,"2381,93861818003"
377,"Schoenefeld-Abtnaundorf,Haushaltseinkommen,1096","48429727869""",2015,"1684,94916556228"
378,"Schoenefeld-Ost,Haushaltseinkommen,1342","257274574""",2015,"1352,95030403813"
379,"Mockau-Sued,Haushaltseinkommen,1269","23100664899""",2015,"1666,13650289409"
380,"Mockau-Nord,Haushaltseinkommen,1236","96250899009""",2015,"1726,87657713495"
381,"Thekla,Haushaltseinkommen,1370","00408535438""",2015,"1688,1714832035"
382,"Plaussig-Portitz,Haushaltseinkommen,1900","90504995806""",2015,"2248,30008401663"
383,Neustadt-Neuschoenefeld,Haushaltseinkommen,2015,"1425,43458723165"
384,Volkmarsdorf,Haushaltseinkommen,2015,"1216,77713536551"
385,Anger-Crottendorf,Haushaltseinkommen,2015,"1622,09109987986"
386,Sellerhausen-Stuenz,Haushaltseinkommen,2015,"1538,31983239689"
387,Paunsdorf,Haushaltseinkommen,2015,"1359,00832872344"
388,Heiterblick,Haushaltseinkommen,2015,"1828,5874985648"
389,Moelkau,Haushaltseinkommen,2015,"2375,39749252224"
390,Engelsdorf,Haushaltseinkommen,2015,"2157,11645637386"
391,Baalsdorf,Haushaltseinkommen,2015,"3187,49854579743"
392,Althen-Kleinpoesna,Haushaltseinkommen,2015,"2517,90099018648"
393,Reudnitz-Thonberg,Haushaltseinkommen,2015,"1679,41206059639"
394,Stoetteritz,Haushaltseinkommen,2015,"2088,94975502878"
395,Probstheida,Haushaltseinkommen,2015,"2141,10664230485"
396,Meusdorf,Haushaltseinkommen,2015,"1442,36112849972"
397,Liebertwolkwitz,Haushaltseinkommen,2015,"2119,78303038633"
398,Holzhausen,Haushaltseinkommen,2015,"2324,92217322551"
399,Suedvorstadt,Haushaltseinkommen,2015,"1917,52407818002"
400,Connewitz,Haushaltseinkommen,2015,"1698,58114065749"
401,Marienbrunn,Haushaltseinkommen,2015,"1935,99208101094"
402,Loessnig,Haushaltseinkommen,2015,"1451,17790719138"
403,Doelitz-Doesen,Haushaltseinkommen,2015,"1960,44781549116"
404,Schleussig,Haushaltseinkommen,2015,"2509,46316146504"
405,Plagwitz,Haushaltseinkommen,2015,"1884,32572118795"
406,Kleinzschocher,Haushaltseinkommen,2015,"1855,4972435944"
407,Grosszschocher,Haushaltseinkommen,2015,"1676,54580547317"
408,Knautkleeberg-Knauthain,Haushaltseinkommen,2015,"1885,13488858871"
409,Hartmannsdorf-Knautnaundorf,Haushaltseinkommen,2015,"2274,62824484607"
410,Schoenau,Haushaltseinkommen,2015,"1991,48839327649"
411,Gruenau-Ost,Haushaltseinkommen,2015,"1298,24486234828"
412,Gruenau-Mitte,Haushaltseinkommen,2015,"1434,52606600886"
413,Gruenau-Siedlung,Haushaltseinkommen,2015,"1831,39225160441"
414,Lausen-Gruenau,Haushaltseinkommen,2015,"1454,0983541273"
415,Gruenau-Nord,Haushaltseinkommen,2015,"1256,39482825421"
416,Miltitz,Haushaltseinkommen,2015,"2126,04082977264"
417,Lindenau,Haushaltseinkommen,2015,"1630,50662252789"
418,Altlindenau,Haushaltseinkommen,2015,"1666,48518908535"
419,Neulindenau,Haushaltseinkommen,2015,"1460,92618310222"
420,Leutzsch,Haushaltseinkommen,2015,"2002,46343429312"
421,Boehlitz-Ehrenberg,Haushaltseinkommen,2015,"2178,52617513758"
422,Burghausen-Rueckmarsdorf,Haushaltseinkommen,2015,"2197,02796492884"
423,Moeckern,Haushaltseinkommen,2015,"1989,34713982212"
424,Wahren,Haushaltseinkommen,2015,"2131,92695171173"
425,Luetzschena-Stahmeln,Haushaltseinkommen,2015,"2445,4735046325"
426,Lindenthal,Haushaltseinkommen,2015,"1705,46298075711"
427,Gohlis-Sued,Haushaltseinkommen,2015,"2127,22178626301"
428,Gohlis-Mitte,Haushaltseinkommen,2015,"2276,45681558218"
429,Gohlis-Nord,Haushaltseinkommen,2015,"1507,41097995093"
430,Eutritzsch,Haushaltseinkommen,2015,"1367,53126161063"
431,Seehausen,Haushaltseinkommen,2015,"2110,48671873532"
432,Wiederitzsch,Haushaltseinkommen,2015,"2280,2092094888"
433,Mitte,Haushaltseinkommen,2015,"1889,01230902593"
434,Nordost,Haushaltseinkommen,2015,"1443,08053544643"
435,Ost,Haushaltseinkommen,2015,"1506,88122845234"
436,Suedost,Haushaltseinkommen,2015,"1774,7056021372"
437,Sued,Haushaltseinkommen,2015,"1668,41223761526"
438,Suedwest,Haushaltseinkommen,2015,"1807,13125627589"
439,West,Haushaltseinkommen,2015,"1429,6036265547"
440,Alt-West,Haushaltseinkommen,2015,"1683,66000738947"
441,Nordwest,Haushaltseinkommen,2015,"1814,65430348782"
442,Nord,Haushaltseinkommen,2015,"2015,14374538079"
443,Stadt Leipzig,Haushaltseinkommen,2015,"1665,47509718609"
444,Zentrum,Persoenliches Einkommen,2017,"1447,96220968878"
445,Zentrum-Ost,Persoenliches Einkommen,2017,"1707,7767078668"
446,Zentrum-Suedost,Persoenliches Einkommen,2017,"1162,74304023383"
447,Zentrum-Sued,Persoenliches Einkommen,2017,"1637,51749650758"
448,Zentrum-West,Persoenliches Einkommen,2017,"1783,84788913395"
449,Zentrum-Nordwest,Persoenliches Einkommen,2017,"1923,41772023745"
450,Zentrum-Nord,Persoenliches Einkommen,2017,"1737,51290101109"
451,Schoenefeld-Abtnaundorf,Persoenliches Einkommen,2017,"1340,71127216007"
452,Schoenefeld-Ost,Persoenliches Einkommen,2017,"1236,18403115057"
453,Mockau-Sued,Persoenliches Einkommen,2017,"1266,88307890095"
454,Mockau-Nord,Persoenliches Einkommen,2017,"1216,56876435786"
455,Thekla,Persoenliches Einkommen,2017,"1329,34711248885"
456,Plaussig-Portitz,Persoenliches Einkommen,2017,"1496,59976308774"
457,Neustadt-Neuschoenefeld,Persoenliches Einkommen,2017,"1420,55802987529"
458,Volkmarsdorf,Persoenliches Einkommen,2017,"946,396383044053"
459,Anger-Crottendorf,Persoenliches Einkommen,2017,"1282,69187353148"
460,Sellerhausen-Stuenz,Persoenliches Einkommen,2017,"1266,31003572819"
461,Paunsdorf,Persoenliches Einkommen,2017,"1283,32859339474"
462,Heiterblick,Persoenliches Einkommen,2017,"1636,60981814944"
463,Moelkau,Persoenliches Einkommen,2017,"1593,13945191246"
464,Engelsdorf,Persoenliches Einkommen,2017,"1620,55980647377"
465,Baalsdorf,Persoenliches Einkommen,2017,"1726,693663691"
466,Althen-Kleinpoesna,Persoenliches Einkommen,2017,"1659,74859229751"
467,Reudnitz-Thonberg,Persoenliches Einkommen,2017,"1264,71041816604"
468,Stoetteritz,Persoenliches Einkommen,2017,"1484,89035992886"
469,Probstheida,Persoenliches Einkommen,2017,"1369,81657962768"
470,Meusdorf,Persoenliches Einkommen,2017,"1391,88187402242"
471,Liebertwolkwitz,Persoenliches Einkommen,2017,"1503,73090384943"
472,Holzhausen,Persoenliches Einkommen,2017,"1565,52595688623"
473,Suedvorstadt,Persoenliches Einkommen,2017,"1764,90163957372"
474,Connewitz,Persoenliches Einkommen,2017,"1322,87356459248"
475,Marienbrunn,Persoenliches Einkommen,2017,"1515,5836984607"
476,Loessnig,Persoenliches Einkommen,2017,"1300,58768362128"
477,"Doelitz-Doesen,Persoenliches Einkommen,1149","80949230727""",2017,"1629,92522741037"
478,"Schleussig,Persoenliches Einkommen,1164","56017966956""",2017,"2016,00190561904"
479,"Plagwitz,Persoenliches Einkommen,1225","02248661079""",2017,"1545,15003251269"
480,"Kleinzschocher,Persoenliches Einkommen,960","714072472308""",2017,"1478,86849476936"
481,"Grosszschocher,Persoenliches Einkommen,1095","87639447864""",2017,"1453,67040236266"
482,"Knautkleeberg-Knauthain,Persoenliches Einkommen,1150","6422073346""",2017,"1712,43967923897"
483,"Hartmannsdorf-Knautnaundorf,Persoenliches Einkommen,1097","4459160057""",2017,"1443,05946668469"
484,"Schoenau,Persoenliches Einkommen,1044","99386350261""",2017,"1684,02623773588"
485,"Gruenau-Ost,Persoenliches Einkommen,1063","50109594185""",2017,"1182,69119628374"
486,"Gruenau-Mitte,Persoenliches Einkommen,928","989237574649""",2017,"1269,92524687821"
487,"Gruenau-Siedlung,Persoenliches Einkommen,1198","66100062977""",2017,"1739,58072515402"
488,"Lausen-Gruenau,Persoenliches Einkommen,976","025968696877""",2017,"1380,261600346"
489,"Gruenau-Nord,Persoenliches Einkommen,895","112599069049""",2017,"1194,07532186042"
490,"Miltitz,Persoenliches Einkommen,1181","71001321242""",2017,"1563,47586429453"
491,"Lindenau,Persoenliches Einkommen,893","739774758912""",2017,"1735,64520001298"
492,"Altlindenau,Persoenliches Einkommen,1025","93236873067""",2017,"1391,17558208726"
493,"Neulindenau,Persoenliches Einkommen,1077","43033609746""",2017,"1488,14001614925"
494,"Leutzsch,Persoenliches Einkommen,1133","13320492051""",2017,"1500,28663051087"
495,"Boehlitz-Ehrenberg,Persoenliches Einkommen,1080","37539931653""",2017,"1486,11399089204"
496,"Burghausen-Rueckmarsdorf,Persoenliches Einkommen,1153","49380836073""",2017,"1924,44376348646"
497,"Moeckern,Persoenliches Einkommen,994","130490681782""",2017,"1646,72904302495"
498,"Wahren,Persoenliches Einkommen,1111","27972870703""",2017,"1411,51505626094"
499,"Luetzschena-Stahmeln,Persoenliches Einkommen,1107","99210573493""",2017,"1539,42255724326"
500,"Lindenthal,Persoenliches Einkommen,1147","21505221923""",2017,"1654,83512523133"
501,"Gohlis-Sued,Persoenliches Einkommen,1164","01892795164""",2017,"1820,95300994867"
502,"Gohlis-Mitte,Persoenliches Einkommen,1240","11222698576""",2017,"1700,4009859165"
503,"Gohlis-Nord,Persoenliches Einkommen,1158","22687294858""",2017,"1571,81406118917"
504,"Eutritzsch,Persoenliches Einkommen,1170","86064854204""",2017,"1652,39908135495"
505,"Seehausen,Persoenliches Einkommen,1215","85207009075""",2017,"1674,41448052915"
506,"Wiederitzsch,Persoenliches Einkommen,1182","25930901437""",2017,"1760,49111927625"
507,"Mitte,Persoenliches Einkommen,1232","61291070668""",2017,"1561,8037547802"
508,"Nordost,Persoenliches Einkommen,997","115176850823""",2017,"1242,69052355052"
509,"Ost,Persoenliches Einkommen,990","597956224431""",2017,"1291,57419446603"
510,"Suedost,Persoenliches Einkommen,1022","17417273885""",2017,"1410,79429914148"
511,"Sued,Persoenliches Einkommen,1086","11466049852""",2017,"1518,25164868368"
512,"Suedwest,Persoenliches Einkommen,1084","33778742868""",2017,"1532,00020536336"
513,"West,Persoenliches Einkommen,1028","50127157781""",2017,"1237,43877444886"
514,"Alt-West,Persoenliches Einkommen,1060","35697905217""",2017,"1428,25328021808"
515,"Nordwest,Persoenliches Einkommen,1006","9258674381""",2017,"1555,67514576419"
516,"Nord,Persoenliches Einkommen,1201","27377553616""",2017,"1668,64112830234"
517,"Stadt Leipzig,Persoenliches Einkommen,1066","01430298254""",2017,"1438,05230525735"
518,"Zentrum,Haushaltseinkommen,1087","80187132455""",2017,"1822,65240154552"
519,"Zentrum-Ost,Haushaltseinkommen,1466","06678370279""",2017,"2107,74565174664"
520,"Zentrum-Suedost,Haushaltseinkommen,1202","33006688454""",2017,"1493,28673402692"
521,"Zentrum-Sued,Haushaltseinkommen,1544","51700734588""",2017,"2200,6321561239"
522,"Zentrum-West,Haushaltseinkommen,1530","99167808915""",2017,"2470,29346539658"
523,"Zentrum-Nordwest,Haushaltseinkommen,2131","48217842793""",2017,"3669,96047866921"
524,"Zentrum-Nord,Haushaltseinkommen,1471","54674208864""",2017,"2335,25756725778"
525,"Schoenefeld-Abtnaundorf,Haushaltseinkommen,1096","48429727869""",2017,"1511,40633164421"
526,"Schoenefeld-Ost,Haushaltseinkommen,1342","257274574""",2017,"1643,75741535666"
527,"Mockau-Sued,Haushaltseinkommen,1269","23100664899""",2017,"2039,94856095609"
528,"Mockau-Nord,Haushaltseinkommen,1236","96250899009""",2017,"1830,96875607108"
529,"Thekla,Haushaltseinkommen,1370","00408535438""",2017,"2085,7863257147"
530,"Plaussig-Portitz,Haushaltseinkommen,1900","90504995806""",2017,"2290,38238202855"
531,Neustadt-Neuschoenefeld,Haushaltseinkommen,2017,"1653,09696304185"
532,Volkmarsdorf,Haushaltseinkommen,2017,"1283,91079743916"
533,Anger-Crottendorf,Haushaltseinkommen,2017,"1495,87663814143"
534,Sellerhausen-Stuenz,Haushaltseinkommen,2017,"1573,6151063466"
535,Paunsdorf,Haushaltseinkommen,2017,"1387,93727171953"
536,Heiterblick,Haushaltseinkommen,2017,"2046,95266581408"
537,Moelkau,Haushaltseinkommen,2017,"2242,34110366127"
538,Engelsdorf,Haushaltseinkommen,2017,"2274,52982776967"
539,Baalsdorf,Haushaltseinkommen,2017,"3319,13130165628"
540,Althen-Kleinpoesna,Haushaltseinkommen,2017,"2208,9324775477"
541,Reudnitz-Thonberg,Haushaltseinkommen,2017,"2038,40516276784"
542,Stoetteritz,Haushaltseinkommen,2017,"2087,63485942955"
543,Probstheida,Haushaltseinkommen,2017,"1595,68384294565"
544,Meusdorf,Haushaltseinkommen,2017,"2276,5366256256"
545,Liebertwolkwitz,Haushaltseinkommen,2017,"1906,49454086978"
546,Holzhausen,Haushaltseinkommen,2017,"1940,95653098206"
547,Suedvorstadt,Haushaltseinkommen,2017,"2456,64304557228"
548,Connewitz,Haushaltseinkommen,2017,"1696,98776843684"
549,Marienbrunn,Haushaltseinkommen,2017,"2016,64109420664"
550,Loessnig,Haushaltseinkommen,2017,"1629,2368470985"
551,Doelitz-Doesen,Haushaltseinkommen,2017,"2117,200375905"
552,Schleussig,Haushaltseinkommen,2017,"2268,77652476505"
553,Plagwitz,Haushaltseinkommen,2017,"1674,01825047494"
554,Kleinzschocher,Haushaltseinkommen,2017,"1957,14495211709"
555,Grosszschocher,Haushaltseinkommen,2017,"1885,35047164408"
556,Knautkleeberg-Knauthain,Haushaltseinkommen,2017,"2635,66019576384"
557,Hartmannsdorf-Knautnaundorf,Haushaltseinkommen,2017,"2594,68489575118"
558,Schoenau,Haushaltseinkommen,2017,"1505,85210470052"
559,Gruenau-Ost,Haushaltseinkommen,2017,"1396,04868101466"
560,Gruenau-Mitte,Haushaltseinkommen,2017,"1539,75302447285"
561,Gruenau-Siedlung,Haushaltseinkommen,2017,"1911,5953706629"
562,Lausen-Gruenau,Haushaltseinkommen,2017,"1630,30452588531"
563,Gruenau-Nord,Haushaltseinkommen,2017,"1539,38928119889"
564,Miltitz,Haushaltseinkommen,2017,"2201,13720447953"
565,Lindenau,Haushaltseinkommen,2017,"1386,7318158735"
566,Altlindenau,Haushaltseinkommen,2017,"1669,60185280331"
567,Neulindenau,Haushaltseinkommen,2017,"1675,58927928286"
568,Leutzsch,Haushaltseinkommen,2017,"1819,40069422065"
569,Boehlitz-Ehrenberg,Haushaltseinkommen,2017,"2193,18698417369"
570,Burghausen-Rueckmarsdorf,Haushaltseinkommen,2017,"2265,30988398703"
571,Moeckern,Haushaltseinkommen,2017,"1560,66651583991"
572,Wahren,Haushaltseinkommen,2017,"1861,10277529584"
573,Luetzschena-Stahmeln,Haushaltseinkommen,2017,"2622,90425685834"
574,Lindenthal,Haushaltseinkommen,2017,"2148,38345872816"
575,Gohlis-Sued,Haushaltseinkommen,2017,"2250,94588166564"
576,Gohlis-Mitte,Haushaltseinkommen,2017,"2209,62465150457"
577,Gohlis-Nord,Haushaltseinkommen,2017,"1949,6509808353"
578,Eutritzsch,Haushaltseinkommen,2017,"1771,97621407478"
579,Seehausen,Haushaltseinkommen,2017,"2385,90877363592"
580,Wiederitzsch,Haushaltseinkommen,2017,"2695,89149372653"
581,Mitte,Haushaltseinkommen,2017,"1916,79552487343"
582,Nordost,Haushaltseinkommen,2017,"1610,94357942939"
583,Ost,Haushaltseinkommen,2017,"1603,8141123261"
584,Suedost,Haushaltseinkommen,2017,"1872,23062842161"
585,Sued,Haushaltseinkommen,2017,"1830,85344607919"
586,Suedwest,Haushaltseinkommen,2017,"1963,80292317182"
587,West,Haushaltseinkommen,2017,"1581,05978536825"
588,Alt-West,Haushaltseinkommen,2017,"1712,92473501847"
589,Nordwest,Haushaltseinkommen,2017,"1829,48821990442"
590,Nord,Haushaltseinkommen,2017,"2042,82151272817"
591,Stadt Leipzig,Haushaltseinkommen,2017,"1766,87454785972"
592,Zentrum,Persoenliches Einkommen,2019,"1825,86228741449"
593,Zentrum-Ost,Persoenliches Einkommen,2019,"1685,21465145296"
594,Zentrum-Suedost,Persoenliches Einkommen,2019,"1230,3002590334"
595,Zentrum-Sued,Persoenliches Einkommen,2019,"1723,61974524395"
596,Zentrum-West,Persoenliches Einkommen,2019,"1860,62126157356"
597,Zentrum-Nordwest,Persoenliches Einkommen,2019,"2001,70853058349"
598,Zentrum-Nord,Persoenliches Einkommen,2019,"1810,56807744534"
599,Schoenefeld-Abtnaundorf,Persoenliches Einkommen,2019,"1259,55998182373"
600,Schoenefeld-Ost,Persoenliches Einkommen,2019,"1240,01741084135"
601,Mockau-Sued,Persoenliches Einkommen,2019,"1420,58661145618"
602,Mockau-Nord,Persoenliches Einkommen,2019,"1430,74328519829"
603,Thekla,Persoenliches Einkommen,2019,"1530,32502123099"
604,Plaussig-Portitz,Persoenliches Einkommen,2019,"1419,55465704874"
605,Neustadt-Neuschoenefeld,Persoenliches Einkommen,2019,"1369,30255015992"
606,Volkmarsdorf,Persoenliches Einkommen,2019,"1313,68071525285"
607,Anger-Crottendorf,Persoenliches Einkommen,2019,"1409,39614816647"
608,Sellerhausen-Stuenz,Persoenliches Einkommen,2019,"1355,34594704123"
609,Paunsdorf,Persoenliches Einkommen,2019,"1221,79069260124"
610,Heiterblick,Persoenliches Einkommen,2019,"1669,86813566334"
611,Moelkau,Persoenliches Einkommen,2019,"1747,17302919718"
612,Engelsdorf,Persoenliches Einkommen,2019,"1646,59482378322"
613,Baalsdorf,Persoenliches Einkommen,2019,"1792,76890451475"
614,Althen-Kleinpoesna,Persoenliches Einkommen,2019,"1777,17015870346"
615,Reudnitz-Thonberg,Persoenliches Einkommen,2019,"1477,18994178904"
616,Stoetteritz,Persoenliches Einkommen,2019,"1618,44635487817"
617,Probstheida,Persoenliches Einkommen,2019,"1711,16941491105"
618,Meusdorf,Persoenliches Einkommen,2019,"1467,01648947425"
619,Liebertwolkwitz,Persoenliches Einkommen,2019,"1632,0724625514"
620,Holzhausen,Persoenliches Einkommen,2019,"1992,17694862236"
621,Suedvorstadt,Persoenliches Einkommen,2019,"1866,34072337186"
622,Connewitz,Persoenliches Einkommen,2019,"1530,43065394619"
623,Marienbrunn,Persoenliches Einkommen,2019,"1502,18227044132"
624,Loessnig,Persoenliches Einkommen,2019,"1374,76325896785"
625,"Doelitz-Doesen,Persoenliches Einkommen,1149","80949230727""",2019,1700
626,"Schleussig,Persoenliches Einkommen,1164","56017966956""",2019,1900
627,"Plagwitz,Persoenliches Einkommen,1225","02248661079""",2019,1850
628,"Kleinzschocher,Persoenliches Einkommen,960","714072472308""",2019,1600
629,"Grosszschocher,Persoenliches Einkommen,1095","87639447864""",2019,1600
630,"Knautkleeberg-Knauthain,Persoenliches Einkommen,1150","6422073346""",2019,2000
631,"Hartmannsdorf-Knautnaundorf,Persoenliches Einkommen,1097","4459160057""",2019,2000
632,"Schoenau,Persoenliches Einkommen,1044","99386350261""",2019,1658
633,"Gruenau-Ost,Persoenliches Einkommen,1063","50109594185""",2019,1400
634,"Gruenau-Mitte,Persoenliches Einkommen,928","989237574649""",2019,1200
635,"Gruenau-Siedlung,Persoenliches Einkommen,1198","66100062977""",2019,1800
636,"Lausen-Gruenau,Persoenliches Einkommen,976","025968696877""",2019,1500
637,"Gruenau-Nord,Persoenliches Einkommen,895","112599069049""",2019,1500
638,"Miltitz,Persoenliches Einkommen,1181","71001321242""",2019,1800
639,"Lindenau,Persoenliches Einkommen,893","739774758912""",2019,1700
640,"Altlindenau,Persoenliches Einkommen,1025","93236873067""",2019,1700
641,"Neulindenau,Persoenliches Einkommen,1077","43033609746""",2019,1760
642,"Leutzsch,Persoenliches Einkommen,1133","13320492051""",2019,1700
643,"Boehlitz-Ehrenberg,Persoenliches Einkommen,1080","37539931653""",2019,1600
644,"Burghausen-Rueckmarsdorf,Persoenliches Einkommen,1153","49380836073""",2019,1800
645,"Moeckern,Persoenliches Einkommen,994","130490681782""",2019,1700
646,"Wahren,Persoenliches Einkommen,1111","27972870703""",2019,1800
647,"Luetzschena-Stahmeln,Persoenliches Einkommen,1107","99210573493""",2019,1900
648,"Lindenthal,Persoenliches Einkommen,1147","21505221923""",2019,1900
649,"Gohlis-Sued,Persoenliches Einkommen,1164","01892795164""",2019,2000
650,"Gohlis-Mitte,Persoenliches Einkommen,1240","11222698576""",2019,1950
651,"Gohlis-Nord,Persoenliches Einkommen,1158","22687294858""",2019,1900
652,"Eutritzsch,Persoenliches Einkommen,1170","86064854204""",2019,1800
653,"Seehausen,Persoenliches Einkommen,1215","85207009075""",2019,2000
654,"Wiederitzsch,Persoenliches Einkommen,1182","25930901437""",2019,2000
655,"Mitte,Persoenliches Einkommen,1232","61291070668""",2019,"1668,59106470733"
656,"Nordost,Persoenliches Einkommen,997","115176850823""",2019,"1464,05306198241"
657,"Ost,Persoenliches Einkommen,990","597956224431""",2019,"1461,65285337528"
658,"Suedost,Persoenliches Einkommen,1022","17417273885""",2019,"1685,92511199641"
659,"Sued,Persoenliches Einkommen,1086","11466049852""",2019,"1593,32337391011"
660,"Suedwest,Persoenliches Einkommen,1084","33778742868""",2019,"1647,63245019907"
661,"West,Persoenliches Einkommen,1028","50127157781""",2019,"1401,7768114236"
662,"Alt-West,Persoenliches Einkommen,1060","35697905217""",2019,"1635,66158309849"
663,"Nordwest,Persoenliches Einkommen,1006","9258674381""",2019,"1698,61876061981"
664,"Nord,Persoenliches Einkommen,1201","27377553616""",2019,"1821,25546158716"
665,"Stadt Leipzig,Persoenliches Einkommen,1066","01430298254""",2019,"1592,12676996873"
666,"Zentrum,Haushaltseinkommen,1087","80187132455""",2019,2500
667,"Zentrum-Ost,Haushaltseinkommen,1466","06678370279""",2019,2600
668,"Zentrum-Suedost,Haushaltseinkommen,1202","33006688454""",2019,1500
669,"Zentrum-Sued,Haushaltseinkommen,1544","51700734588""",2019,2600
670,"Zentrum-West,Haushaltseinkommen,1530","99167808915""",2019,2400
671,"Zentrum-Nordwest,Haushaltseinkommen,2131","48217842793""",2019,2750
672,"Zentrum-Nord,Haushaltseinkommen,1471","54674208864""",2019,2390
673,"Schoenefeld-Abtnaundorf,Haushaltseinkommen,1096","48429727869""",2019,2000
674,"Schoenefeld-Ost,Haushaltseinkommen,1342","257274574""",2019,2000
675,"Mockau-Sued,Haushaltseinkommen,1269","23100664899""",2019,2000
676,"Mockau-Nord,Haushaltseinkommen,1236","96250899009""",2019,2050
677,"Thekla,Haushaltseinkommen,1370","00408535438""",2019,2100
678,"Plaussig-Portitz,Haushaltseinkommen,1900","90504995806""",2019,3500
679,Neustadt-Neuschoenefeld,Haushaltseinkommen,2019,"1875,74418681174"
680,Volkmarsdorf,Haushaltseinkommen,2019,"1491,59190875707"
681,Anger-Crottendorf,Haushaltseinkommen,2019,"1750,67244578626"
682,Sellerhausen-Stuenz,Haushaltseinkommen,2019,"1741,22297247367"
683,Paunsdorf,Haushaltseinkommen,2019,"1474,58546686503"
684,Heiterblick,Haushaltseinkommen,2019,"2229,75267516864"
685,Moelkau,Haushaltseinkommen,2019,"2765,05917806922"
686,Engelsdorf,Haushaltseinkommen,2019,"2177,16430387218"
687,Baalsdorf,Haushaltseinkommen,2019,"3112,96841366118"
688,Althen-Kleinpoesna,Haushaltseinkommen,2019,"2584,87720177852"
689,Reudnitz-Thonberg,Haushaltseinkommen,2019,"1896,39015327134"
690,Stoetteritz,Haushaltseinkommen,2019,"2234,69183485177"
691,Probstheida,Haushaltseinkommen,2019,"2093,19659155639"
692,Meusdorf,Haushaltseinkommen,2019,"2029,91471418683"
693,Liebertwolkwitz,Haushaltseinkommen,2019,"2210,97059691047"
694,Holzhausen,Haushaltseinkommen,2019,"2777,88261392781"
695,Suedvorstadt,Haushaltseinkommen,2019,"2189,51170113311"
696,Connewitz,Haushaltseinkommen,2019,"1980,44840006026"
697,Marienbrunn,Haushaltseinkommen,2019,"1881,77032122614"
698,Loessnig,Haushaltseinkommen,2019,"1545,9217841366"
699,Doelitz-Doesen,Haushaltseinkommen,2019,"2239,93062954483"
700,Schleussig,Haushaltseinkommen,2019,"2595,36115959694"
701,Plagwitz,Haushaltseinkommen,2019,"2257,25950183873"
702,Kleinzschocher,Haushaltseinkommen,2019,"2057,96510936844"
703,Grosszschocher,Haushaltseinkommen,2019,"1880,32882097735"
704,Knautkleeberg-Knauthain,Haushaltseinkommen,2019,"2912,20418890431"
705,Hartmannsdorf-Knautnaundorf,Haushaltseinkommen,2019,"2353,1330096447"
706,Schoenau,Haushaltseinkommen,2019,"2024,75278473239"
707,Gruenau-Ost,Haushaltseinkommen,2019,"1355,0734979705"
708,Gruenau-Mitte,Haushaltseinkommen,2019,"1618,21968511742"
709,Gruenau-Siedlung,Haushaltseinkommen,2019,"2546,97401947579"
710,Lausen-Gruenau,Haushaltseinkommen,2019,"1521,05607450062"
711,Gruenau-Nord,Haushaltseinkommen,2019,"1757,56208859513"
712,Miltitz,Haushaltseinkommen,2019,"2231,08672396674"
713,Lindenau,Haushaltseinkommen,2019,"2038,49872605856"
714,Altlindenau,Haushaltseinkommen,2019,"1701,39541190945"
715,Neulindenau,Haushaltseinkommen,2019,"1806,70903526823"
716,Leutzsch,Haushaltseinkommen,2019,"1839,21440425008"
717,Boehlitz-Ehrenberg,Haushaltseinkommen,2019,"2115,71543483668"
718,Burghausen-Rueckmarsdorf,Haushaltseinkommen,2019,"2572,55797890112"
719,Moeckern,Haushaltseinkommen,2019,"2335,86609964831"
720,Wahren,Haushaltseinkommen,2019,"2190,13274244203"
721,Luetzschena-Stahmeln,Haushaltseinkommen,2019,"2962,80953914344"
722,Lindenthal,Haushaltseinkommen,2019,"1972,38497214338"
723,Gohlis-Sued,Haushaltseinkommen,2019,"2503,28031525851"
724,Gohlis-Mitte,Haushaltseinkommen,2019,"2224,03343528129"
725,Gohlis-Nord,Haushaltseinkommen,2019,"1987,84340129434"
726,Eutritzsch,Haushaltseinkommen,2019,"1963,37885845533"
727,Seehausen,Haushaltseinkommen,2019,"2676,94475611908"
728,Wiederitzsch,Haushaltseinkommen,2019,"3060,66474269771"
729,Mitte,Haushaltseinkommen,2019,"2033,70496359742"
730,Nordost,Haushaltseinkommen,2019,"1658,76841686627"
731,Ost,Haushaltseinkommen,2019,"1640,38373893781"
732,Suedost,Haushaltseinkommen,2019,"1841,43245633677"
733,Sued,Haushaltseinkommen,2019,"2013,44010484014"
734,Suedwest,Haushaltseinkommen,2019,"2167,86281219855"
735,West,Haushaltseinkommen,2019,"1437,84769481603"
736,Alt-West,Haushaltseinkommen,2019,"1941,81058067859"
737,Nordwest,Haushaltseinkommen,2019,"2060,39025233345"
738,Nord,Haushaltseinkommen,2019,"2217,32243655861"
739,Stadt Leipzig,Haushaltseinkommen,2019,"1891,2279864833"
740,Zentrum,Persoenliches Einkommen,2021,2000
741,Zentrum-Ost,Persoenliches Einkommen,2021,2100
742,Zentrum-Suedost,Persoenliches Einkommen,2021,1400
743,Zentrum-Sued,Persoenliches Einkommen,2021,2200
744,Zentrum-West,Persoenliches Einkommen,2021,1950
745,Zentrum-Nordwest,Persoenliches Einkommen,2021,2200
746,Zentrum-Nord,Persoenliches Einkommen,2021,1760
747,Schoenefeld-Abtnaundorf,Persoenliches Einkommen,2021,1600
748,Schoenefeld-Ost,Persoenliches Einkommen,2021,1500
749,Mockau-Sued,Persoenliches Einkommen,2021,1700
750,Mockau-Nord,Persoenliches Einkommen,2021,1500
751,Thekla,Persoenliches Einkommen,2021,1700
752,Plaussig-Portitz,Persoenliches Einkommen,2021,2000
753,Neustadt-Neuschoenefeld,Persoenliches Einkommen,2021,1500
754,Volkmarsdorf,Persoenliches Einkommen,2021,1500
755,Anger-Crottendorf,Persoenliches Einkommen,2021,1485
756,Sellerhausen-Stuenz,Persoenliches Einkommen,2021,1950
757,Paunsdorf,Persoenliches Einkommen,2021,1300
758,Heiterblick,Persoenliches Einkommen,2021,2000
759,Moelkau,Persoenliches Einkommen,2021,1892
760,Engelsdorf,Persoenliches Einkommen,2021,2000
761,Baalsdorf,Persoenliches Einkommen,2021,1900
762,Althen-Kleinpoesna,Persoenliches Einkommen,2021,1551
763,Reudnitz-Thonberg,Persoenliches Einkommen,2021,1700
764,Stoetteritz,Persoenliches Einkommen,2021,1800
765,Probstheida,Persoenliches Einkommen,2021,2000
766,Meusdorf,Persoenliches Einkommen,2021,1700
767,Liebertwolkwitz,Persoenliches Einkommen,2021,1800
768,Holzhausen,Persoenliches Einkommen,2021,1800
769,Suedvorstadt,Persoenliches Einkommen,2021,1800
770,Connewitz,Persoenliches Einkommen,2021,1900
771,Marienbrunn,Persoenliches Einkommen,2021,1700
772,Loessnig,Persoenliches Einkommen,2021,1470
773,"Doelitz-Doesen,Persoenliches Einkommen,1149","80949230727""",2021,
774,"Schleussig,Persoenliches Einkommen,1164","56017966956""",2021,
775,"Plagwitz,Persoenliches Einkommen,1225","02248661079""",2021,
776,"Kleinzschocher,Persoenliches Einkommen,960","714072472308""",2021,
777,"Grosszschocher,Persoenliches Einkommen,1095","87639447864""",2021,
778,"Knautkleeberg-Knauthain,Persoenliches Einkommen,1150","6422073346""",2021,
779,"Hartmannsdorf-Knautnaundorf,Persoenliches Einkommen,1097","4459160057""",2021,
780,"Schoenau,Persoenliches Einkommen,1044","99386350261""",2021,
781,"Gruenau-Ost,Persoenliches Einkommen,1063","50109594185""",2021,
782,"Gruenau-Mitte,Persoenliches Einkommen,928","989237574649""",2021,
783,"Gruenau-Siedlung,Persoenliches Einkommen,1198","66100062977""",2021,
784,"Lausen-Gruenau,Persoenliches Einkommen,976","025968696877""",2021,
785,"Gruenau-Nord,Persoenliches Einkommen,895","112599069049""",2021,
786,"Miltitz,Persoenliches Einkommen,1181","71001321242""",2021,
787,"Lindenau,Persoenliches Einkommen,893","739774758912""",2021,
788,"Altlindenau,Persoenliches Einkommen,1025","93236873067""",2021,
789,"Neulindenau,Persoenliches Einkommen,1077","43033609746""",2021,
790,"Leutzsch,Persoenliches Einkommen,1133","13320492051""",2021,
791,"Boehlitz-Ehrenberg,Persoenliches Einkommen,1080","37539931653""",2021,
792,"Burghausen-Rueckmarsdorf,Persoenliches Einkommen,1153","49380836073""",2021,
793,"Moeckern,Persoenliches Einkommen,994","130490681782""",2021,
794,"Wahren,Persoenliches Einkommen,1111","27972870703""",2021,
795,"Luetzschena-Stahmeln,Persoenliches Einkommen,1107","99210573493""",2021,
796,"Lindenthal,Persoenliches Einkommen,1147","21505221923""",2021,
797,"Gohlis-Sued,Persoenliches Einkommen,1164","01892795164""",2021,
798,"Gohlis-Mitte,Persoenliches Einkommen,1240","11222698576""",2021,
799,"Gohlis-Nord,Persoenliches Einkommen,1158","22687294858""",2021,
800,"Eutritzsch,Persoenliches Einkommen,1170","86064854204""",2021,
801,"Seehausen,Persoenliches Einkommen,1215","85207009075""",2021,
802,"Wiederitzsch,Persoenliches Einkommen,1182","25930901437""",2021,
803,"Mitte,Persoenliches Einkommen,1232","61291070668""",2021,
804,"Nordost,Persoenliches Einkommen,997","115176850823""",2021,
805,"Ost,Persoenliches Einkommen,990","597956224431""",2021,
806,"Suedost,Persoenliches Einkommen,1022","17417273885""",2021,
807,"Sued,Persoenliches Einkommen,1086","11466049852""",2021,
808,"Suedwest,Persoenliches Einkommen,1084","33778742868""",2021,
809,"West,Persoenliches Einkommen,1028","50127157781""",2021,
810,"Alt-West,Persoenliches Einkommen,1060","35697905217""",2021,
811,"Nordwest,Persoenliches Einkommen,1006","9258674381""",2021,
812,"Nord,Persoenliches Einkommen,1201","27377553616""",2021,
813,"Stadt Leipzig,Persoenliches Einkommen,1066","01430298254""",2021,
814,"Zentrum,Haushaltseinkommen,1087","80187132455""",2021,
815,"Zentrum-Ost,Haushaltseinkommen,1466","06678370279""",2021,
816,"Zentrum-Suedost,Haushaltseinkommen,1202","33006688454""",2021,
817,"Zentrum-Sued,Haushaltseinkommen,1544","51700734588""",2021,
818,"Zentrum-West,Haushaltseinkommen,1530","99167808915""",2021,
819,"Zentrum-Nordwest,Haushaltseinkommen,2131","48217842793""",2021,
820,"Zentrum-Nord,Haushaltseinkommen,1471","54674208864""",2021,
821,"Schoenefeld-Abtnaundorf,Haushaltseinkommen,1096","48429727869""",2021,
822,"Schoenefeld-Ost,Haushaltseinkommen,1342","257274574""",2021,
823,"Mockau-Sued,Haushaltseinkommen,1269","23100664899""",2021,
824,"Mockau-Nord,Haushaltseinkommen,1236","96250899009""",2021,
825,"Thekla,Haushaltseinkommen,1370","00408535438""",2021,
826,"Plaussig-Portitz,Haushaltseinkommen,1900","90504995806""",2021,
827,Neustadt-Neuschoenefeld,Haushaltseinkommen,2021,1800
828,Volkmarsdorf,Haushaltseinkommen,2021,2000
829,Anger-Crottendorf,Haushaltseinkommen,2021,2000
830,Sellerhausen-Stuenz,Haushaltseinkommen,2021,2200
831,Paunsdorf,Haushaltseinkommen,2021,1500
832,Heiterblick,Haushaltseinkommen,2021,3000
833,Moelkau,Haushaltseinkommen,2021,3000
834,Engelsdorf,Haushaltseinkommen,2021,3000
835,Baalsdorf,Haushaltseinkommen,2021,3620
836,Althen-Kleinpoesna,Haushaltseinkommen,2021,2700
837,Reudnitz-Thonberg,Haushaltseinkommen,2021,2009
838,Stoetteritz,Haushaltseinkommen,2021,2340
839,Probstheida,Haushaltseinkommen,2021,2500
840,Meusdorf,Haushaltseinkommen,2021,2100
841,Liebertwolkwitz,Haushaltseinkommen,2021,2500
842,Holzhausen,Haushaltseinkommen,2021,2500
843,Suedvorstadt,Haushaltseinkommen,2021,2500
844,Connewitz,Haushaltseinkommen,2021,2200
845,Marienbrunn,Haushaltseinkommen,2021,2000
846,Loessnig,Haushaltseinkommen,2021,2100
847,Doelitz-Doesen,Haushaltseinkommen,2021,2300
848,Schleussig,Haushaltseinkommen,2021,2800
849,Plagwitz,Haushaltseinkommen,2021,2500
850,Kleinzschocher,Haushaltseinkommen,2021,1840
851,Grosszschocher,Haushaltseinkommen,2021,2265
852,Knautkleeberg-Knauthain,Haushaltseinkommen,2021,3200
853,Hartmannsdorf-Knautnaundorf,Haushaltseinkommen,2021,3400
854,Schoenau,Haushaltseinkommen,2021,2200
855,Gruenau-Ost,Haushaltseinkommen,2021,1900
856,Gruenau-Mitte,Haushaltseinkommen,2021,2000
857,Gruenau-Siedlung,Haushaltseinkommen,2021,3000
858,Lausen-Gruenau,Haushaltseinkommen,2021,2100
859,Gruenau-Nord,Haushaltseinkommen,2021,2000
860,Miltitz,Haushaltseinkommen,2021,2830
861,Lindenau,Haushaltseinkommen,2021,2000
862,Altlindenau,Haushaltseinkommen,2021,2000
863,Neulindenau,Haushaltseinkommen,2021,2100
864,Leutzsch,Haushaltseinkommen,2021,2300
865,Boehlitz-Ehrenberg,Haushaltseinkommen,2021,2400
866,Burghausen-Rueckmarsdorf,Haushaltseinkommen,2021,3000
867,Moeckern,Haushaltseinkommen,2021,2155
868,Wahren,Haushaltseinkommen,2021,2360
869,Luetzschena-Stahmeln,Haushaltseinkommen,2021,3000
870,Lindenthal,Haushaltseinkommen,2021,2200
871,Gohlis-Sued,Haushaltseinkommen,2021,2200
872,Gohlis-Mitte,Haushaltseinkommen,2021,2500
873,Gohlis-Nord,Haushaltseinkommen,2021,2250
874,Eutritzsch,Haushaltseinkommen,2021,2000
875,Seehausen,Haushaltseinkommen,2021,3000
876,Wiederitzsch,Haushaltseinkommen,2021,2500
877,Mitte,Haushaltseinkommen,2021,"2085,15846954289"
878,Nordost,Haushaltseinkommen,2021,"1874,04935593965"
879,Ost,Haushaltseinkommen,2021,"1963,23552730359"
880,Suedost,Haushaltseinkommen,2021,"2239,98924388035"
881,Sued,Haushaltseinkommen,2021,"2090,3855521987"
882,Suedwest,Haushaltseinkommen,2021,"2354,77400478394"
883,West,Haushaltseinkommen,2021,"1824,01077104773"
884,Alt-West,Haushaltseinkommen,2021,"2183,58724392336"
885,Nordwest,Haushaltseinkommen,2021,"2130,80717881989"
886,Nord,Haushaltseinkommen,2021,"2265,75995705396"
887,Stadt Leipzig,Haushaltseinkommen,2021,"2064,67147397644"
